{
   "b" : -0.0267137613209014,
   "mu_t" : 2380.348078096,
   "sigma_t" : 1499.169697015,
   "mlFeatures" : {
      "h" : {
         "mu" : 3.02257474069555,
         "sigma" : 1.3542876529939,
         "w" : 0.344241782831277
      },
      "rTasks" : {
         "mu" : 2191.10982306284,
         "sigma" : 330.521440271285,
         "w" : 0.0520503019177501
      },
      "mTasks" : {
         "mu" : 26211.9298352654,
         "sigma" : 10226.1812618913,
         "w" : 0.278579082665465
      },
      "mDemand" : {
         "mu" : 44384.5661989018,
         "sigma" : 19053.5995352815,
         "w" : 0.251224536264738
      },
      "x" : {
         "mu" : 0.020532280297381,
         "sigma" : 0.012801842228743,
         "w" : 0.406729330927926
      },
      "rDemand" : {
         "mu" : 158.715375228798,
         "sigma" : 67.068407831008,
         "w" : -0.0382015750101121
      }
   }
}
