{
   "b" : -0.0267137613209014,
   "mu_t" : 2380.348078096,
   "sigma_t" : 1499.169697015,
   "mlFeatures" : {
      "h" : {
         "mu" : 3.02257474069555,
         "sigma" : 1.3542876529939,
         "w" : 0.344241782831277
      },
      "x" : {
         "mu" : 0.020532280297381,
         "sigma" : 0.012801842228743,
         "w" : 0.406729330927926
      }
   }
}
